1|1|Accomodation|https://fastly.picsum.photos/id/569/300/300.jpg?hmac=sX_8Rf7Z4XI2reeRWMmLcOgXuFI01luOjDwIRl2APRc
2|1|Accomodation|https://fastly.picsum.photos/id/458/300/300.jpg?hmac=G31AwQ4RMKNwOc7MQTynn6tY20NAuQJEP9xvoW92h_A
3|1|Accomodation|https://fastly.picsum.photos/id/657/300/300.jpg?hmac=hyXg68FDYLRVi29OP2kDqhWh-zX_ihWi_DSSHlP4GiI
4|1|Accomodation|https://fastly.picsum.photos/id/218/300/300.jpg?hmac=qlFfwf1SpnYzohxO_7LnDcCOJCeXCXre2Nh0p9QO-68
5|2|Accomodation|https://fastly.picsum.photos/id/108/300/300.jpg?hmac=VQVqaWcS5cm4Xt0EqWzJybM_C5ivKefkmiMlEDZkrEI
6|3|Accomodation|https://fastly.picsum.photos/id/577/300/300.jpg?hmac=mlPAY_V_vWObn0estqs-8YFdnqjWINLeVwn2SO7rbaQ
7|4|Accomodation|https://fastly.picsum.photos/id/893/300/300.jpg?hmac=OKw6yVuvNPlBzzdjTtkHCQ4JAJJO7Fp894Kh1T9LX48
8|5|Accomodation|https://fastly.picsum.photos/id/486/300/300.jpg?hmac=cn9aLv_SbYBBugoObhGsWSZINx1MLBEM2inEFST1Ixo
9|6|Accomodation|https://fastly.picsum.photos/id/716/300/300.jpg?hmac=z3f3n1ZEwdtJx_V-uaG4mqYkV7gbMqBySdS6aaUN_XA
10|6|Accomodation|https://fastly.picsum.photos/id/284/300/300.jpg?hmac=MEWDaxXzh7Xd8lpSvmqkpcLqc_XHe1qsEp9c6Oh3n60
11|7|Accomodation|https://q-xx.bstatic.com/xdata/images/hotel/max1024x768/217232175.jpg?k=986c9f6efe21773f8d1b8b5d0e7acc53e70faf3a4e2f05b6b25ced12a6ea75a8&o=
12|7|Accomodation|https://q-xx.bstatic.com/xdata/images/hotel/max1024x768/200020817.jpg?k=16ed409230030a53f3b2ff9be9a74e42ba734d00b9818a2813a69327f70452ce&o=
13|8|Accomodation|https://www.apartmanivikendice.com/images/smestaj/sojenica-popovic-30.jpg
14|8|Accomodation|https://api.adabojanafor.me/storage/covers/property/natura.jpg
15|9|Accomodation|https://noviapartmani.com/public/upload/apartments/2016/06/beograd-vracar-apartman-kristal-spa-0-476_featured_thumb.jpg
16|9|Accomodation|http://apartmanirentbeo.com/blog/wp-content/uploads/2018/03/beograd-apartmani-13.jpg
17|10|Accomodation|data:image/jpeg;base64
18|10|Accomodation|/9j/4AAQSkZJRgABAQAAAQABAAD/2wCEAAoGCBUVExcTFRUYGBcZGRocGhoaGxocHBwaGh0hHR8cHyAcICsjGiAoHSEfJDUlKCwuMjIyHSM3PDcxOysxMi4BCwsLDw4PHRERHTEoISgxMTExMTEzLjEzMTExMTExMTExMTExMTExMTExOTExMTExMTExMTExMTExMTExMTExMf/AABEIAL0BCgMBIgACEQEDEQH/xAAbAAABBQEBAAAAAAAAAAAAAAAFAAIDBAYHAf/EAFMQAAECBAMFBQIJCAYIBAcAAAECEQADITEEEkEFEyJRYQYycYGRobEHI0JSU8HR4fAUM0NicpLT8RVzgoPC0hYkNGOisrPiF5Oj5DVklKTD1OP/xAAZAQADAQEBAAAAAAAAAAAAAAAAAQIDBAX/xAArEQACAgIBBAAFAwUAAAAAAAAAAQIRAyESEzFBUQQiYZGhMnGxFCNCgcH/2gAMAwEAAhEDEQA/AOxQoUKGZihQoUAChQoUAChQoUAChQoUAChQoUAChQoUACj2FCgAUKFCgGKPGh0KAKGwo9hQxUNaE0OjwwCoa0eNAiX2gllfdIlE5UzqZFKdn5hBLALsT0Yk00Fg40RtCIh7R4RDskYRDWiSPCIdiojaE0PaE0OwoY0Joe0etBYUSx5Do8jM1Z5ChR7AI8hR7CgA8hR60ewBR5Cj1oUA6PIUJSYGY7EKAyvlU4ZRLZgDUBgeVaU84GxqIThQIw+KAWtSwQrMEpBcGoFejkUDeF4LIUCHFRCTsOJ7HsewoYJGE252k2hLmTEy8PKUhClgFRU5AJamYE8LGnONhsrEGZJlzCGK0IURyKkgkeTwPnoGZVPlH3wVwgAQkWpA+wImaPIYualLOQHtEZxiPnD8e+J5JFUTw1xaGHEJ5wE2rjChRAdRIo1RZ2cWfr7YiWRRV9xKNh8GM/tqcZylYdBaUlxPV86g+KSeRB4zoOEVJy1cNjpinkS1CoOaYAxlgmtC7rPydKEmzROtASgS0BkjxL9STUl6kmpNYvlq2CRCucknIUjdkZWYM1rcmo3KJdlYwyFpkTFEyllpMxRfKTaSsmv7Cqv3TUDNFuoS5SFoVJmpCpawQQeR931GFGT8lSSNQ0JoCbGx6kqGGnKGeu6Wab1AGugmJFwLgZgGcJORoZOI1oa0PhQE0MhQ5o8aGIYssCQH6c4BTdqrBIzAMTRhT/ig7PlhSSkhwQQ3OMvlIoyg1Gezf2YxyTcexcUma+FHrQo0KaPIUewoAo8aPY9iltTaCJKM6zTQC5gHRcaE0ZyZ2llTBu5apiVqKQFBAoSf1gR0tCSZrNv5v/o/w3goDRAvCUWrGf8AjPppnrKHuRWPSZjuZy/VHuCGgoLPMdj5oUVpUABw5GCgkv3j3SaA66x5g8UiaVy1gAUyzEBg6yzZkm7kBvWI5uHzd6as/wB59giFOBlJ+WoW/TLFgwsdBERhJPbKbRPMWd4lMui3bMQn5IbKHLmrmvMeERyMQqUtKDMzG6syj3BxGtiyXbwaoZ/JkuW5zTC5Ad50wOwpryiBWDwtFKUlwAATOW4CbAEqegimn4JNTLxSFKyBQzAOU6tEOJ2khILHMoB8tjpzsail4A4bDyVFQlrzF8ygifNNeZCVe+Lk/Z6NwtnSySQcy1Mbg1OYGgFIUk60NE6l5iVCxqPA1ijtXGstKFFVAWSkEhTAmtGBHv8AZPs1PxMrT4tFP7IgFtnDhU1bqWHIZikMzVBuQbMpxfyjLCU4pJhF0zydj0ZxnWpSRotTuVHKAByS7EgXeukE8ItkFSCSCAog5QBlYfJbTxHjGSOByOEzJiUu9BLJDl6F3vVvfrPszF7gLyiaoLKXzM4YXDFw/i1NGrhL4WVaeylMLz8UozAM4GYkVfUhgMoZRZzXp51Z8qYpZkSxxKLOpzkQlsyjW1Ra5ZI5gYJ29mJShM3OpwkBIDu/MgAMS7WHNo2uydnpkoZ3Wqq1MznkBokaD6yYcMDX6gvye4PCJlIEtHmTdR1J6+6gFBD8jxK0Be1hW0lMuYZZXNylSQgnLupim40qA4kjTSOh+yQqZcMWiMZi0YgJmEYmY6bcEj5oP0Ua/ZaiqRKWbqlS1GgFVJBJp1MJOwsixOHTMRulkguChaSykqHdUk6KBt6Rf7P7SUt5E78/LSCosyZqLCahqBz3k3SaWKSYZqHirjMNvAllFE2Wc0uYLhX+JJFFJ1HqLQGqjyAfZnbKpuaVOCUYiXVaE2KTZaHJKk6P6hJ4QdhkNDWhQ6I5qwkFRLAByYBUJSgLloYUD9X0jLbS2rNnTd1KQd2AHJbM5sAHD+sV8TtNCFqRuO6SO8NC30cJr2HY2WHWTRTZgzs7F9Q9quPKLEVpwYhQuPaNR+NQOcTIUCARY2gNB8KFFXH4ndoKsqlHQAEufq84AI9p49ElOZRqXypq5PkCW6tSMHtXHqnLzLWptEgMK8tGpq8WcWpc2YVr3pJLUlhqGgAcskdTXnFnDSVMARMpyQB59KQXQ0ipszDfGoUQSyhl0br66RX7eNnS4BaXR+qvujU4eUzEbzxIAHsMZjty2cvpKSfVa/shKVpikqMrJUkyVlg2eVoPmzr+kP2bkzLdKe5MJIAtkIIoNXitJU0lY5TJXunxLsxYdf8AVrjWMqZm1YX2Ru8x+KQlzKykplgios1XJ9G5xLIxsiXKlEypbiVqlDkjKMxo9atqXgHsuad9KD0M2W9P1xCw2ImZQMwCSgC100cBga+2N45tbRjLGW8biUDKjKglpRq4LbqXSl6eFoixK8iElAzBzqAWIT7j7otGYkNmCmaVnYKJKd2gsGtbnD9srSKy0qCCUMMoLAjUCgjCW+TNFp0Ffg/QROm5iD8WOvyo1m1cTkkqADlRAb2/VALss2/md4fFDvAj5XWIu2eKG8RK4bKUys9XoKpBax9YypuNGsGr2aLAzM0tBs6ElvERjMXilrmTeAqTvVgPR0hRAby98CFYicnhTPWEhWUBM5YCdWYGwES4dQSGO7JD1Kl9BWNV2Ey/vFCu7Nba+pb8PERWtyndEktlBcF9AOpOkVTik8pZOmXeXNAG5klvE2MbDsrsZUr4+aAJp7qPo0nmdZhFzYOw1JG6BItdndk7lOeYBvVBlM5CBfIl/aflEcgACZj0mEBGXcoQEZ/tziEy0SFrBKROqEu9ZM0aVjQxk/hS/wBll/1w/wCnMhtaEZ+ftiUQpkzSTpmVyArXobxvOz/+y4f+pk/9NMcdwc2tkmnymPo5jsHZcvg8Mf8A5eT/ANNMKN9mJJFtaYhmo1EWVJiNSYCgbtDCmZlmyiEYiU5lqNjzSpqlJseXqCc2DtROIllQBQtByzJamzS1i4PMG4OoYwOWli4itiJShMGJkD41AZaHYTpfzDo4qUqNjSxMOwNZDFoCgQQ4NwYp7P2pKmoStKwAqjKooKBYpINlA0I5w7GYpklixBF787Av7riGt9iXop4fYqJazMQcpJUVMzkMWFeRLxz/ABODwedTqmvmL0F3/YjZT9rjJMXMISkFkoUQSaAg+NbA2rqIz69vlzwTP3lfZETyKLpsONnREVAe8Nlli2hqPrH1+vKHyO6PCBW39qCQmiSqYe6AFMOqikFvDX1MUUXNqY9ElOZZvQB0hz/aIHtjH7QxG9VmXxcgZcssOjTCW6PEf5aZhzTM2bU/GhP/AEG9IrpGZ1CWptTlLdL4cv5tABYRh0PVILsMuS3/AKkE8JKAslv7rl/bp6iA8giwSquplf8Atn9148XiWc5Dlaqt2a//AG3nEtDs1MpAAcJPUlDe3NSM12rlLVOVlSovKlijXCppIL2un1gZiTNmHduQCCW3RoKUphwSept4wPGFAuLsaJLeNZUNQVUKTs9xezp65Shu1FWaVqkOE75zfTMkecQ7P2TiE53lEfFsOKXU5k0712eJE4dRUwQenCaNr+bpaGSkF8wB5WId7PwVMVGKiqRLFs/ZE8Tpa1S8oEyWoneSgAAsEls+geIkbFmkB5dwH+Nk8m0mUpy5ROJRdsoBrypX9n8U8niUkpJpSg7pfx08z18yhFyTLnSlhUtIKsqASVycoZCQwGcElxckDprFXaWDxEwpUA5clfxsl3zPV5g8m6RHLCKAt4OPCzt+OkRlIBDKFbsUhv8Ajq/TkIrYuKNX2bmZZi1LGQZAAVLlly5PyFlqc4FbdnlWImLBOUFh+dskVYpSxcvZ4EpWCqlWpdPN9ZheJ1LCe6kOAXPCHJOnGNdbmGNKtHsxdO8pTXdUwt1rLbn6R7hMOuZMyS94pRDsFroLEnMhIAveml4L7H7OzJrTJhVKRcFilZe/CVHJXU16axpZGWSN3Kkqy3KgUcR5kqVmJ6mIc0i1Eq7A7PIkMtZ3k0VFSUoJpwg6tTMz8mBaDJMVE4hZvLV6o+2JRNV9Gr1TE3YE4j2Id6r6NXshb1X0avZDAmjLfCWk/kyCAS05BoCfkL5CNJvT8w+yEJp+YfZD0I4ljJUxdkqHE9EqFCfByRaOwdmEkYPDAggiRKDF3DS00PKLhnH5h9RDTiD8w+v3QKkqAmhikxH+Un5nt+6GnEH5nt+6AD1aYrqBSXH84lXPV9H7fuitOnr+jH73/bEjGboImflEtGZ230r5zUzgWMxI/eAbQMQTPRNUkywmYlRJKrhIZwSdFO1DWA6Z8xKwoSwE/K4iX8so9Xi5hJgQreoJMpZJmoGij+kS1X+cBcVFe8rraHV9yVeyCsFM6YyVfo0VoGapHIaJ51h47O4b6Bf7yv8APBuRlICksxAII1BsX1iaJlj5O2F0A9v7WMhJShBKmDKVRDGj5gCHHIj78BOStSlKWtCiqpKjJJJ6kyXjpWN2ohEwIUR3Cs1FgQn6z6RYVgZZrlAPNLpPqlou/QjlqcKf91+9JH/4IllyJjv8T+9K/wD14sjCmJJkkITmUWETzforiitLwEw33Bevel3/APp6x7N2PMVpIb9tP8CIF4tau7wjpf1gTt3HTZW7KJkwOsAso14VG1jaKUmxNBo7Gmabn99P8CJJWx1j6J2Pyk0f+45P6wO2H2r4ky59lEgTAGIP6ws3UM3tGz3B5wSckJJGcTseYAANxzqU/wAB26RKjZEyn5qj1zi5/uOUHhJMOEkxPOQ6QBOyJnOV0+N//jDpWypwIPxTjlOV/Bg8pBAJjIbJxc9RlrXPmKdAUpJEsJ4kKNkoBoQGrBzYcUE52zZ5o8ptBvV/wYhXseeW4pX/AJyv4UekTJgWoYiagjd5chRl4kpJLKSXqTFjsxNmrmYhEyYqZu1JSkkJDUJPdSkGurQllt0h8UU07FnuQZstILsd4tQB5EZEkvUX1jS7J2Zh5TEKSuZopSgVP+qPk+Vepj1Uk3q8Ulyj+USiARxcXI0NRqC58PCG5NipB5aiYbJWFOxBYkFi7EXB69IbOoIB9idoCYJoCSOPPVv0jlr9PbA3TSGlabB+2O2q5WIm4dOH3m7IDjMXcAuwFLtFEfCKs0GGc+Kj7hFPaaynaWKylAUVSwM5YdwG+kAdgLVvJiUEhS6CqfnEkOsge3SJeSSbVdqCjWf+IM3TCH0X9nKIk/CRMNsOD4FR9wihJ2XiHOSrLBUVTJVwkWY0cE0gBsPDFW9IZkBJNQ7ZjZyH8ocZ3FsfHdHT+xnaNeNC1GWlASSKEkkgJOv7UHxOSVFIUMwAJS4cAuxIuAWPoYxPwRJaRNP+9WP+CXBDZ20FHaUxOVgUZHcfIZQN7VV4ZupjRuiUrs086xEca2/MmSsTMlJWpgaVJo3hc/XHZV2jj/bVP+vzB+sn2iGIHnF4gazB/ZWP8MNG0JxHfWRzZR/wwV2nOdTIomgv9Yv6eUVth4IrkLmlaghBUMqQ5JeWLNV8/PT1zU9XRVlBWJmuASpyHAImORzbLUR7vJoGYuwuSJjerRfxswqxEsm27IFD3Q7NQOOsQYtCiJl8oQTUEh3YsQGBqmvhBy2tBbNF8H+HKlrnKWWTw5Q4BJqFGtWDgAjV42+DnoQMpGVzwjKa+DCsZX4MUOib+0n3GDuJxBM6ZJQ+dIBAe7pFQ9KAi1XEE58RdzQ7DlFOYBwgnMEqbhdu6LpBLmtOV4LwH2ZPqoqcAG7BuQZrBmcaNe8GIcZWgZwLtdtcz8XMmJNM2VNSeFJYN726x1vsttAzcFh5mcBSgkFyCSUnIRU3LPzjgSFub+f4vHWfghmBWGmSyqsuaFsORSGd6Vym1bxNUiIvYTkogPt1KpiixGVFw9XNi34v0g5IgFjCM00Vfg/ZPdsdTd/KNZLQ4vZVly4GbdlJVNwyFB0qmgGpHyVapqPKDcmsBu06gJ2HH+8NiRZCtRapERBbHJ6MjtMhE1OXm5qS1RStafXHUfg/2iZklUtTPKICf6tQ4fQhQ8AI5JjVOtJNebm4f2R0P4Mp4XOnMT+blvUkVJYV5CkU7tL9xG9aHAQx4cDFUFjMSOBXhHL8LtgykpO7zbtBoVAZt3LUNEOHf2ax1DEHhPhHHJyfi5urS5n/ACKhcVY7NUNpMkKy5d5KkrYLSGzIQWGZNeT08ILdhJ28XilN+kTqDYEXAAjLTFqTLknOUp3GGGUXV8WMzHQs2msaH4MZmZOIU5OaYkubsx6n3xz44S6km+wM2LRXUjjSesWCYgWriB5GOhIVlmYHjM9g8DMl7zeSjLJEsAEguU5nNCeY5QT2Lt6ViFTEyyc0tswPVxTnUe6JJ+LkySAo5SqwdRdnP2xLim1L0Up0mvZzntNLCtpT0lRSCqW6gWYBAJPWB/ZGRnxGSjFQDl+ZYltNPOLHaPFIVjZywQUzDKylvnJCdfP8CKPZNaRiJe8YJK+L2/XSM5xtSHF00zoWzdjCWubnWEIzoBqBmASmjmqXUWdnoecYzsSglOK/qumue0b3FiVu5qt2lQExIYAaZAdNC+mkYjsKlJGLcAjdp0tVdn/FIwWsb/1/JadyVmh+CT8xN/rl/wDJLi5gcDNG0FTDKIlus53DEFIAo736RQ+CaYBImPR5y2ej8Eu3Ox9DyjbmOxq6M1KrPVxyLtn/APEVftS/cDG+2r2pkSZu5WVZtWDgPZ/F45/22/2+b0AtzEunthiC22tqyQtSZYWCHBygJBL65Ckl+sUezKSMHOLqHFQB7hUk0LXpz0ipjRmUpRfhSCQczvQF3N3NYiTicuAWgPmmTkpoWDAImPbiqkBuoMZqNRocpWyzNU+IlqUvM0tbmp6NzD2fSDWMQg4LEEZyKBICVhJU6TXQsArwaACJwOVSvmEeXDGp2TPQrY81Kic5ExVR81TVIDBwwiFDaAk+DIMmcOsv3Kh3aDEKlYpcwMC0sJJDiqeRvUMW0LR58G/6f9qX/jir23V/rBAuMlKnNw+/Twg+I/QmvYR7hnZW0lKny6BlFggADKNAMxcFkhRNKNZxBz+mOakvrwn7IzGw0zN5LUU1WtuJBYH5zMAxIYineHIMbRKcAsute8dfBcc8XKjTRwySsctPs9Y6X8C+MYzpPNOd+oo1uR5j205fLV5P9vj0jbfBGwxZU5ATKX80JJLAAu2jkNWnIR1HOu50GTpGY2lijv5sqpCgGAJopIzUfhdTAekaRczLQJUS18iyl+pAr6xi9u7MxIXvW3q1lymSmYWYAXUABHQ1oEyzIxqXASFF8rVBop600YO4fvJs9Km2EImLB38lCpT8K1KdyGPdB0cNeDUhHxLKTN3uUjMZM1wdK5dKegjITNlYlSircTQ5fumIlcdxRUd92U9m7HTNUmYtakIGYpSniWrKRVyKBwzkV6a7fsHg5MqbN3alElCc2ZrO4sKXI8oH9nsKtGFyzkTQvMWSELcJBYBwCObcgWj3tBK/o8k4cKVvE5SskKIrYU18PqipPirIb2b4LhisSkAkqDC50Hjyjk+I7TTFS0pdQYWAKS73DVSWJFD5RWk7ZUMwcMogqqXdL/fbnGXUQWdem4pGVTqSAA5cgMnmeQoaxnpGwcHXLxDKolKpiiCkgpJL3DE1jnk/aKiGznKEhLNoLBhoCHaG/wBIrTZdGy5nuNBd2akT1A5M6irY8ks3CAhMtkrZkpAAHSgHi0T9n8DIwyVolFgSMzrzMRQDpe3WOaSttcOXdpa7pKgrOxAmZuY9r8ocjaRBCpYCCO8EuAoODxcy/U6coOokHI68JwLsQWoWNj15RBiqpIe4I9Y5dgu0U2WSsqBK3qeI1YEkm1Ej8CDeF7WTFqEtKQVFJy1upnDsOYa2sUssbod2VvgyxQTPmgkkqSK+BL+P84XwhTlqxCCA6UpuKh7lw9Damobyp9g+LEzZoSwAPlmVQewxsf8ARnD7sz801mzZc4Z/HLmZ6XsBCfLjUUJnOMNJM0MkpBSU1JsAQC9D48hEeCSQuxNFWvZXKNz2yRPIkkSUJbeABCpZ4TkIfO1aD2xmUYabLUFCWUnR1SuVWdXX2xPGcW14NY1RqtjYqVnmBO8yky8oBmhIJQMxyhwHUoVN3EZLYSCPyjlulvzoFRbRisQklQBBLOc0mycra/qp9BFWbh8QJat0hQKgQTmlFwXcd48z6xmscrdeaK5KilJxKgpIQeLMCGLFxrQu7PXqY65szaKZkpJzDNlBUl3ILBwfOK83Z8uZh5SFAJJEsEpCQp2A5F4qr2BJkKRMSqYSDYqABI1OVIf3RrxyRlSSaMTJ9qg20pZNlGUonoFAF/SKHa4/69NL/KQ5/sJrF7tUrNj5BFzkoGfhW+p5e6B+3JgOJnLJYAh3FRlQnQ9fdDnLjbZSaQ/FbbBXNJlpIWtTsriyk14kllcxYeMUsPOTlmJKXcgoB4kpJKST45Qz1d/OIBOCJkqY/cfMCe+4ILCzA06w7F4oAsAxKaWo1OXOkZ9RJpApWX04xCVy1GSkpSlToTlIUSnh8GLXqGjyZiipC/iUSwxsp2LaABv5xTws98qSoM1S/Eo1NKUoIvzpqH0Act4A00pT8Vh9dXQtXRqvg0NJ3917lQe2xspExSZi3LrlJYszBenJwfxriOym2TKC8qcylkAa5sqV5RTUrUm1w8aXbG2t3kllWZSTJUapBcK4jShc8qBjEyzQcafsuKt6Ds/CpSuWAWHH3QAQwcEG7/fEwwsvkfbAHDdoETMQ+YJloDpzAAh3BchRzfJ+wQU/pvD/AE0v1jJSxyt/U2p0jhv5KRlUMxFCoszcwLv4kCvjGj7N46VLBTKlzVqUzl60NAMotXU38Yt4eXKUsZFlJykqJIYACvA7ElnIrQNrEqlTlFlTUmWbsG4m+aks346xcfiInLy+gTE7EEcGFUD+vNKP+ZjBaRily0jOgB2BJnfKawaAkv8AKU2xZ7wFz3cmYU04qaveKmPzzVBK56iAeF3LNVyxub0ZmHRrXxMPDDfo1x2gsDMpASmlTOSBXxUIqYvtAUd2UuYWpkW6bP3naBWG2tuv0gUsMHyJdXD89WYkuRr7ouHtHwqPeUCwSty792hIArfk3hGnXh7CiDDbaxEzuyFVNzNWE/inWBvaHZeKxKgpWRIAygBSyLu6ioH6tI1kna+agWkHh+SqmYOBa5++Ah7TtMAUy6AcT96xIBLCuoFtImeWCW2VaXgy03srij8uWb/KV9hb0iM9lcUB+iNLhZHvTWN3K7T5kukhzYNoPVyTy5el7Z2MVMdXCWJGZQUXIOjqpRiwAvGcMmOTpN/YFvwc0T2XxOqJT/t8ugBhK7L4oAfmw2ub7UvG/wBqdqAhLCh5tzFCMxY3FYrSu04SokpSbcRJKmL6ktcWDXFoJTxp1f4Fa9GIPZrE2KZV6kLZ+QrD09nMSAxTK/eGnhWOmYfau8ByEeOUgvyYk1FOlREc3aG6BfK+pILuxIBL6gRdQ73odaujm/8Ao/PZs0r95z7omwuwJ8taVJKeE0Y++tAY3E7tKADmTlDX8Q46WePdm7alq4EJS5PC/wAq9SdDQ+6M+eK9P8DTXozWw8LOlTQBuwmZMTmdyzqAoAajoY6DNxEouhSQQaEKRRuoasUlYpxlXkQC9X0DUrStm8Ybh8QhghCZSgAXqfXu+Po0a9bHB8XIUrfgtTBIUE5pctQsHlpLA8qUHhDCjD/RIu1JSaU8Iq4tBWjLu0B2diknQ8tYbLkDKPiwWp3VaU0QeUbQyRm/lZLTS2ixkw2YfFIq4bdJ8a0hy5OGBYypbnnKTYN0iorCi+6T5pV/DhfkiT+jT+6r60RdCstyRhmChKl04gd0lw1QRShi0qfKPeS9zVHrpSAasFkVnSgNqgoOX2pp9XsiQzkD9BLvW3+SJcku5VN9jKbS2fM/KhMzBRlOHAWAaUo7hsxDPeBm0Nlz5kyYtgyj879XLrWNwpSUqzIQlOhTRST5NSLAxqPokHqFJbycRhJKWmzTj9DmKuz+IOYbtNVO+ZLsAwAOg19ImVsPEhiEaAOFCmV6irgubtHRVTBdEsJOo4VJ8wU08jFqROSqipcsdfsGUv8Ad1ERLhFXJg4/Q5jJ7P4oK/N5hzBH1sYmXsieoq+KUKBqPXrXUvXSOlyt2Twsh2OhF/mkEA94ffClYtFApKCSNGIqHazAsCfBjHP1sLl3/AnEwuwNjqlLCpqVtlL5QlwSRQFRsQ4J5EjVxppk3DqmJSvCqKMoG8eicrskozAsLApBuIITcZJDqpQJsNSXsoEHUc6EQ1W2JKnyoSXDgMl6gHwsSfKMv6nGlr+C1oil4DAO4loB5kqT7SRBDdSfxMV/miFE6Up2QkN1DElnoQRry1ir/SUsUyCn+7lfbGkficdb/gORy9G0MiSpKsqiHYZmqKihoC9fDzigvailHiVqDQgF+dD1t4WjVbewmEcYfPkUlLp3YCybPmDgEkajkXsHyOIlpltlWFpVZwUm7OUucvKhjp6SMeNFhG2JgKiCaAgG5ZiKV1pFjZWIXxlxRIKi+VSSFfJ4uIhTW6lqPAEzCGq5r5NS71+6Ce6mj4oylAsHAAIc8QqNSFWfpyAXSXhBRZxuLVvCQ9eIEli44nA0oafgRFI2jQNW9SObAX8bxUUgypjTEKcBTpU6bggHyNaO7C8eYdfEAaizOajl5e6K6arsKjUbIx4RLKgpWfeIKwaJAGZjm5uADyA8YE7Qxfxiq/NI+pL6s4EdCl4UHCTEqlhExUogJyihAf5LlRcZs1ySbgkRy+esEq0Pyqaku/OJ6W9oqUUi7h9p1SoucrUqHAYX0cA+sazD9oimVRAy0Jyhk1UaEu4Bt4AdRGBluVJSkWY6M+j0sL8qxvts9mlS8CiYJiJigxUUEEEENdxwhLBg9axDxqL0OEXToz+NxucO5CScov3nSTVy9/V7RTXiVb163PJzetNevSKmKmEKKSMtWyjuuOF6UdrnxjyViCBQuA7h6uR9w9sWsdIitnRvg/QiYSCoqqzBRDJyEOAzW6/J8HXbySuTMK0g5SgMupFCanRJTwhqc6uWs/Bds2alCpp7inCCbEEiqBcgkAOWZqDWK3bwTEKCFIzy1E8Sgspzd7KFXBLE01eoDxm1a4s6OC4mJnzTMzZioFgkOphkAawtr6iCfZGYStKXu4BFADd+pFAGL1u8Z+eoJWU+VD0ejU/lHQfgy2MOHEFLniKc4sTwhSTU2erN6GHKKSRlCFyKXanFGWopWbGp0NSpwHqDUnkpxpUDh9tTEh3AewpqSOeoao6842/whdnt78ahs4BJoySkBy5Tq73qXr15ricKUl78TEtR6lvEgEtyiVihLv3HODTs1Wz9vKUSpy5AKmt0Yc6U/aMdI7EY/fSVcCuEs7tevOOQ7LkzDlCQ6r2q7kAUqHPsEdS+DzZqpMkmYClSmNCXIFa5STcmnW0Z4oKGT5RxTo1hT+qryV98N3f6q/3/APuivvZdT8dXpiB9VIcqbLH03pPMd9/sFMshH6qv3v8AuiviMKLswpoFN+OZjxGIlkAvNbqJw94iTeot8Z6TTA6aBWiASvbTuj8GHpGnq/8AKIZgbulQSBqFhm8QHENK/wBbk9DobV6xi6RpVlgzAHctoLcvN69IzPaBZSXUHSpnUE6mg0saO5YB3FC+gKqAlXN7+92a14z+205RmCgQqqaFQLmpZLk+T9aAxx/Fq4oTRl5GJRLAHEylujLwsxcoJUSwtTqekBTiV5DOVmBcABiAGLISAU/tjrbSpbH4hSZYFBlY5g9WOYNVmBehOho1DnpqyouSlRUxYVIYkCqauzkDlrGEEZtMl2ljFywWmEqVoQeFIIuqxPySA4qauWi9gdsqTLUpklZCBmYOBVOU8LhmBfqOUVNqoJTkmJ4yQorC3JSoApCgKNY0D3gUpfeY0cVd7UBf8WjdYlKNMT0FpW0ciJktJzlRyvoXZS2J/WYPf1j0438ZR/kinh5RUyUtxCuYjhBVep4afKPMjV43EvsyGHFIsP0h/wAkN4I+hqLZzvH9ppkwhS5ctStMyAR5A0EAcdilzFOUoAGiEISG/sikGhgOLKxrStq8+jw87KUSE5SDSgCQ1Ku16/isej1IGfUQJ2PtKZh5gmoCSoWKkg3aocUPUczGkT26n1eVJOYAF0KBKRYd6wJJrzMV07CUGJCyGIdmFmOlGpXRhCRsJ2A4nBs1PH8eEJZsa8hzRQ25tiZiSFzKCwyuwAJ7uZRNyXr7oWwdqHDzd4hCVHKQyxStzTVqQXx/ZqZLIKwohmDHNYWGtK0bQxQXgAm7g8ma3OvSGs2J+Q5pB2V29mAvu0O9alvK5HrGb29j0Tpm+TLTLUe8EuyidS9B5CL2H2aFKZiSQafhujVqYvp7KLy5wkqTyZi17X1bxflCebEvI1OwHsLa25UVKlImO1VZgQxdwRQOWemnrrB28GXilV5by4vRkevlAmZ2bXX4tSS9mf06deUQ4fZqwCgPWhDdcrl71cU9YOrifZoanQN25tATVlYQUuRdWYgCwSAAlI8QecVsAtCZiTMSpaAXUkHKVeJ8f5wWVsdQ7wIpypZ/dWF/RRpRRegZNyxIdj97Q+pj9i5qzbbP7eyGSndzEgAAANRrCqi49sLa/bTBzJZQuXMmuGZkpGbmCTmBBsQKe2MQMAwZ2Lu+otSlYccClShXxu/U35++I44vZX9QwfOmIM0zBLVlKnyqUpT8wVULmteusdA7P9uMJLlJlbqbKAvlyrr4lQ9SHjHDZxcge12bk8OOzSHDgkEBvvZyOg5+EOXTemwjlrsdEmfCDhEuwnK8EgW04lUEYbtjtfD4pQXLkzJS6An4oAhi44Q+rs58opr2ax7yHar+PIXtz11hTdnMXzGvj1d6eB+2kJdNeQeazZfB7KwoynOJk1QBZYyrQU6AnhVfQk0Hl0TC4pQJyoKj1OVwNXLuftjhWHwZTVKg79QeHkxr/KNLK27jJaQiXMfLmckOa0cE+oLaxm+MdxZXUjVM6wcVNYNJB5/GJp7I9GInfQj/AMwf5Y5Lhu120qhKwvKRXKlTgvV2+yLiO1+1XfKjwKU/bGqcn4f4E5JeDp4xE3WT/wAYP1Q1OJnayGr89PraMBL7a7Q1w8ojxb/EfwI9l9ttoB3w0svatvRVeUP5vT+wco/Q6Dv530I/fH2RRxqVISpe6UwfhSZZI6jMQG8fujKI7aY12OGQQ9DmAp1c/VFrDdr8WogfkgJNmmI+s0+uM5vW0/sioPeqCUraKi/+rz2dnJkfxLV1HlEqzvAy5M0DR92f+VbE+DxWwuMKiCZCpeYEs6CArlw1BueV/CHqxG8Jd0gEguaPrezc219OSWSF8WbPvQC7VbGzynfKCzJWMpCnLlwo5QXqCz+Uc8m4rdKKcpUoFJSt0hiK/JBzBzcEeTR1HaWBmqGWWQE6spyUNdyzG3S8A/8ARhMwlWUkkknKAzm6nYhRajWZtXhxUIv/AIS43tGZkdplABKMPKzFTkjOyz+sgHKrVwGBpSA2IxGZal5UpzF8qQwTqwAsBGrxPYmYMuQc+nMihqKcnZ9dK07sjigDw5uVXo7eWg8+TxrCeKPkiV+Rdme1UvD0mYYTFfSBTKIvUEEFn0awjQ/+J8r6CZ++Ix+I7Nz0B1SzUtRj7bQ+V2VmqAVkFQDUh686RpeN+V9xcmX5mCTMlgpMtBYqNfFh0YVfx1ilPBQCM2dnsxBAHK5YVpDZ5WGGfnoOtfZESQwB0e1ujP5RyRVdno5GXMCR89TUJcu40HIX+uLGG2otLnKkJ68uXs9g8hyaqY8jamjw9IJGZKilqMK3pr0MEsae/LEpOw5L2wpCiwyEkguAp3Nfaw9Yk2iqXMTVCEqIooAhgLeIAqB5QNl4TPLSSqoLUA0Dv4xBIzJGYLV3czUaqmIt0d4wcPXdFW/JYwkrdlKUzE1JzHvcNBYihFadYJK2xNlhgZc1LEkozJIfxAfwqK+LV17HSQuZmIZzlahdJPlygTPBQpId7i3N9C8Pp8nbYNuO0HTttcwF6WdKrCxu/j6iHY3GL5JKRo7m+halAKj2QKw4MxSQS1y7B3FLxPipZQ1XzFINGu4f2RCgotIdui/JxpLbyWBl1Z+EAk0PyW93hHk2cSHBSEgMBQd7SujAW+yM8JhWqp0HoWLUamnr5FtmzwlZQEJPdLkO1hY0sLwTxtbC9jJwStAKkJdRBejh3uedDzuOceJ2fLAdag7OA7gM9yKhiPR2OsFd+JiBmQlyDVgwqTb09BA3FyjLo4UkMACGoUpUxrW7QQk5ai6ChIwUpSAJbUSCpRFKUcluWmkRYvZUxFVBwBQULEFr82HK5GsEEkhAyEooO7SuUuX1cU/DRHjp63lJCjxZ1mgPEElqEN99YqDk+zHSqwCZIIUDmelMtATQOW1OnJ26TqKEh6ajKbULe4etYfLmlanso8DiwyKAzNdyDzowi6dnS8rsXJYkl9SNfCNck0qTJcaBUiaiwyrAYZQbB7EgijOfMxPh8MgkKzcWt6UYAVbmW6CFtLCy5RYIHFlLijOXYXj2RgwTkc1UqtNFlFtbPBJ2rTGu5bl7fwwAQy0BIoCByt0L/gCEvb8gAniLEUDP118bRa2ZsOQsBS5aVKLkkj9ZraWeDB7PYRIDyAfTXxBj1oY8qivm8FOm3RnJfaHDkXUDyI+vWPZm3ZQ7pCugoQPONersvgyl/wAnTWK6uyOEfhlJB8PsYj1if7q/y/CDgY9XaZAPcV/K8OHaOWT+bUb0BB91vwIMYvYuFDkyEl+HvL59VH0ikvZUgWlJbk5b3xSjla/UDikx+E7TISHYlvkqBNXa4Y+Dn7yeA7WyVnKs5XSQlJeqn1KnVl++BuG2NI+jFiR0erDpEn+jWGI/Ns3IkRx5vgpT22XCfgP4DHSgCBNSXoiwZr+XLwrF6fNJBSl8zEOHo72A0A6F38Y5/tXZu6mJyrPEafqtyr19kQyNoTE0C1Xa553jgliadXstya7nS5OHFH0ADEk1IuOtL+FebBg2yoSnhpxhShzLAF/D+1GK2dteYhFDXm/JiPb7KRf/AKYmpcuCQ5GZzaz1cs93iJRrRVpmlVISlQCishwoBwzioBdiDS76itoI5/2fZ9kZORtyZlUphmDEnQu1ByAc6n2RKvtVMBIyIpTXSBKiXJH/2Q==
19|1|Tour|https://img.itinari.com/page/content/original/045107b8-ed60-4335-a6bb-1af08344029b-hram-save.jpg?ch=DPR&dpr=1&w=994&s=288bca29e9dbbe26259119eefc00586e
20|2|Tour|https://wallpapercave.com/wp/wp2906754.jpg
21|3|Tour|https://fajlovi.bos4.tours/uploads/2020/10/images/tour_217/Petrovaradinska%20tvrdjava%20plato%20pogled.jpg
22|4|Tour|https://image4-us-west.cloudokyo.cloud/image/v1/52/48/da/5248da22-ba2e-45b6-bed5-88e7c45eccb6/672.webp
23|5|Tour|data:image/jpeg;base64,/9j/4AAQSkZJRgABAQAAAQABAAD/2wCEAAkGBxMTEhUSExMVFhUXFxYYGBcXFxcdFxcYGBoXGBcYFxgYHSggGBolGxYVIjEhJSkrLi4uFx8zODMtNygtLisBCgoKDg0OGxAQGy8mICUtLS0tLS0tLS0tLS0tLy0tLS0tLS0tLS0tLS0tLS0tLS0tLS0tLS0tLS0tLS0tLS0tLf/AABEIALUBFgMBIgACEQEDEQH/xAAcAAACAwEBAQEAAAAAAAAAAAADBAIFBgABBwj/xABDEAACAQIEAwUFBgMGBQUBAAABAhEAAwQSITEFQVEGEyJhcTKBkaGxFCNCUsHRYnLwBzNDsuHxFSSCg6JTY3OSkzT/xAAaAQADAQEBAQAAAAAAAAAAAAACAwQFAQAG/8QAOREAAQMCAwUHAwIGAQUAAAAAAQACEQMhBBIxQVFhcfATIoGRobHBFNHhBTIjM0JSYvGiNHKy0vL/2gAMAwEAAhEDEQA/APrTLQmSmCKgVpBBGiuDksy1ArTLLQ2WpzUITQ5LMKGwo5FQYUwVAU0FLHeuK0aKGwoy8GyNqhFBejGhtSyNoTWlJX0pBxVrdpO4KpoVYsUNWnNwq10NCe1Tl2krr1pU3Tos2qI1S7JQnFe3XpW45qtgJULy0FSuNS1yphtf16VPHjxt48+vtAMJ9zajpr0pkCYSw5KTUWWiCiqorhMbExrQ7akwlQcU8bFccPXO2A1XfpydEgpotu1mNNDDV3ckVw1mHTVEMO8a6KP2cDeo3Y5V64NDZKAX1KokjQWXCxzkUti2AECid3QrgFMa3vSSlPfDSIA4pRVO9Du0RzQ8tWBpmSs91QRAS7LUDbpkrQ2p7VM4oWWuWpxNS7umEhDdeqoryoFwtdQl7QYJQ5XHYv0m1RIqRqNfHubC+jaZUGoZojGgu1Tva3amtUGFCYV6btRJqYsGxOAKi1DaplqGxrmeNU0IbUK41TZqBcNMa9OAQbr0leemLopG9VNMtKF4IS165Sj3aLdFLvaNaVKIWbVJlBdpoTJRu6qQtGqu0yjVR9lmKDhlUMGY6KQYiSY12+Hxpni91Lr57YKSolSI1HMe6PhVzwngwe33skHNlGo15ae8qPU0xj+CfdNczEhQWGq9CfPTU/Oo34yl2wJmRbZF/Hf7Ixh3gRaFjtBuKJas5jpXjCmLLkbRVVRzgJbr6JlFrS6Hacro1i2V3imu9QaECq52bnXj3vKoKmGNUyfSy06eLbSaWtHmrM2UOooF22opIYhuVCvXmNep4F+a7rLlX9Sphsht0ZyKUxbDlUMxqJQ1p08MGmZWTWxpeCAEvz1NeNZnaj911rgI2p7nRdqnptzWd8qvuYc0A2zVu66UnctTRU8SSLrlXCAHupcCaE6UY1yGN6aHEXCRkBsSlmpa/egTTWMvADYCqO4xuGBtNefXyt4+yHsQXRsUbl0sdNvL6mvKfwdoAkRsBrXVnl0qmF+iOFdoLGJtC7aYFTv1U81YcmFGuY5QN6+C8F4tcs3M9sgXDAZdrd4dCNlfoeZ26H6VwTiSYtcySCNHUmGQ9CP1rAzyNVsNpjQrTniCnY0C7iqTPDiNQxoyWyBrS3OCpa0KD4zpQxxDrpRHw00o2BPUV5pajhFbiI869+1zS/2QjpXvcUUNK9JCYFyuaKADFQZq8KUrxqQFK4B1pdxXl1qA709lI7Ep9dqi9qota8qG92PKoHFnYGqRSqahTGtT2+i7uTNSe4qDxb0V8bkUCczsYE8upPkKqrd8szOdQpgHmWP+n0FOoUHV57SzRu1PpYbJ36JOJxbcNald2t9B9z7bUg+Gctq7H2mILPCwZCgAxMxP60NbN3LIcjdWy950keEkyIOoq2kFXKr4QABPONddfKvLYOQmBOhgbSJ/StXK3csM1XbShYP2QCfEAAZ56bjrO9E7kzSt8EAOFkiPCCdmn6GdPTpVhhbwPhO8SD16j1Ej4g86hxFJzAXs02jrctbB4ltQilUsdh38D8bOR1iiipnDg0Uia9trFR97WYWnLf2kSEL7OBXfZ1PKmWUTUXPSlyN5nmngHSBHJKiwOleXFWvbxik7jGnihn70+qndiuzBaR6Ly8BS5FTNRKE1Y2g0CCoHYpxNh7L0COVBuwTUxbbrQSIPirzcLeWmSidjoaA4QOOzxS92yKr8RcCan4Vc4vFW7dssTPQdT+lYzFX2vNPL5UdN72yHJGJ7M5SwieHyo37rXW02/r5URwFUxOhEn1iiLbABA5Rr1k1LG2jleOeWPlQOJSAFLD/3rj+Ff1rqYW2quW1MgCByj/euqN2KpNMFwT20KjhICn9gzIHU5l/ED7S9J8vPajcN4ncs3Fuo+VwIDnUMv5Lo/EvnuNPIhnhrFVEGPBOw3BtgGfRm05zQreDD2hcXRgDK6Q2506bbesc6xJvI13eJ6/FlrxaDp+B9/FfVuzfHUxSaLkuqPHbJkj+JT+JDyNWzpXwvBYx7LqysysmqsvtJPlsynmh09Of1bsv2oXFLkfKt4CSoPhuD89udx1Xdedeibjr8ISS03V0VoTCjtQmock6pjagS1wUtcp5xS7pTGiE0VAUm1w0J8RFMXbdJ3LdWURKnrmBZQuYieVANw0U26gUrQa1oWY57il7iV4R0ozA1LB2pcT5n4An6gUZdZLsLpRrJOZok+yoHOBmb4nKPQ1K3hm7tQi+IlmHu0H0NaJbSB2RSDlWAQrPLGR4cgM6KPlReGWcpGe1dhUA0s3PaJJP4frXvq4bE9cFGaWYyVnbNpspgayCBHu2qNjDvADLDaA6aEgcvj860GFwt1WTNZuHUloUTlU+HSdJEfrRMZYuFyyWbmXKIBUA5xA0JbnpHpXfrWzM+o3oPpzGnpwWYs22bNIiCy9NPamPd86XAJRjENbaY20GjCTyKn/xrXYu0QihbV8NoH+5eD4QpIMERP1oFwW1UZ4ViIZSrK0N3g2YDYZfjXRizou9jeYVDEbf0DtRbbzpTHHrAtsApBERIMzEEfJh8KqMxpraAqszKj680jGqsWoRIoIuHrQ7j14YEbUx36qQLI7XV50veugcqA1DYVXTwdNiz6v6pVfZButQSxpspQjbq5sBZznvJQSxobknemCleFK73dyHO87Vm+O2iWUTAKj4+Kl7dvSBsVblvGlPce0uWx1X9TQcInhk9bgn/AKjWPiX/AMR0raw7f4TeSHZt+Jv5E+pphzJIX3n05CoXW6AyQNB7TAbT+Vd9a9s2WPM/IKI5AelY2IxciGWG/f8AhatDDXlwvu69ka2oGg9fP311Se7bs6MwE9dzXVlZtwWjlG2E9gLRyDTe2CP/ALJ+1L27f/LMf/bT6XavuHYO43htIHkgd3MAyQP+kxzqeO7L421YbNYGUKASGBgAONQN/apArNdMcvG5+U4sywCePOwHPYqPFgMi5hBLKubrqo8XlBid9OdJ2FxGHuK9q2zlTmEIWUGNGETr9R8rDidrLbQfxD/OP2q44PxyxYJt37r2yzDKxnJtHifWDMnX161bhntLwXDrKpMSwhhi3/0qZv7RcaNC1vzGQTXWP7R8UrAv3TrzWIkHzGxrTJYuqJV0bMxgFFOhI2Y+vpQreJdnNtXwzOJBRWw5cFfaBUGZGsiOVa3Z0z/SsrO7erPg/bXDYiFzi3c2yORqf4W2b5Hyq6d6psLgHdQxe2N9BaWOnOqjBcce3ffD3tBnPdvEBvL0k+6Y6Uv6ME29fumtxRH7lp7z0sR51G1LsFkCepgdaheEMV6Ejz3jUVWygGnINYlKqYrMMxFkSZ51NbN1tLaFiCJ8tf1299K2nUsVnUax/XqPiKNhcXiFVnt5gJAERLRqDLabz86N9EgQI8UluJm9/BMsAogjXpROFm0j5rwUKRGq5tdCsLBJn6Uj45PeCGmSes8/KjrhczJcUANMTGsaZtehCwalxTOypz/cYJnfuMqinW7Y5dw0Wlv9scIjFFZnYe0qqSRAEkgxG4qvxn9oGFtkqbd7NIMBVHIHeYPumqTjHCQ2JBG13MjNpIIAKAGJEleR3AoPafhjoVe2gOf2gBrmgR0012kDSswPYQJ66ummiZWkxnbm2niu4e6o1UeK2SSYMaNpoDvUMD26tMv3eHutl0IJtiASANSQDryFU+O4YUsPcXwuwt3DyknOrCRqD4Sd96T4Rg++sRcJOe5orEsfuwrbmSfEQPf60eYTPhPqh7O2vWnutJa7e4VnKm3eVswBBCkSrAbKSeXSnR2ywpfLcz2p0GcDKSCJAIJ11rF8Fw5u4i4rwVDNmnqGhQsHQzz5xTOI4QftROXTM90tI0bvBlA5iQp8oB8qAOYSRu90RoObAVl2ruWbpHcQzZibmVIYaeEnSSDrrzgVm8nurR4jB5r19iqmDIzKD/hAmCdpzSfSs1xDEurIltMzudJnKBpqY33rb/TcTNMtOyP+V9/JZuLw3fkbfiyJcwN1f7xGSZieY/eofZzTJ4ni7xPejMEZjGVVMHQkQBr4QYNe3WIMf1BEj5Gr6VWqWgOieHRU1ShRBJvCSazUTaq7tcNzWi4YTppy/Fp66CqpzG5j1+NMp4gPmDoYOz3Sn4cNIsbpc26VxmLt2x43VfLn8N6GnG0+2WcMkOWY5pOghSdRHlWnu8JG/cYUn+T/AEpVTFjRl+OxOp4Y/wBVvdYN+0tqTCtHI9f2qA7S298p+P6RW6PD12+zYX4L+1I8V4ewtNlsYYMYghRIk7+ydRU31VXf6fhU/T093qsHi8U110dkKCfAv4so5t89OVMC02kATv8AwrJkk/mberjiOGNvIl24WuQ3ibVmJZTGnKG2GgC9BQrSBTB93XzrBxeLqOdDr/N9y2sJhmBsi3wkrGA5mDzJ5n1oV7Fme7sLmbafwr++1abDdm7+JGW2DlOpKnloIPrPyq6s9kzYVg1rIuUnfcww+nLzqKm5tSrkqH38p0nx9bKqp/Db3NeYny163XWHtdnAIa6c7GdTtE6ARp/vXVs+LgIEAUfiGvlFdWyKbALBZxJJuhcGxvcuHEaGfhV9x/twl7DXFRCpa2TJPKAenu+NZlLGbw8jofQ6VW8c4e1tLxk5ct9hPV8xMa6aR8K+YoUnupVC10N0cN/p4cltYk0+2phzZOzrmpcWYPlB3zLB9WHtDn67+tVXaDAky0AqTGuqkb6/1I8qexJkr/On1FWYw+a2PXy2IYH61Xh3ZyGu5+iXiW5AXDgPUrKdn+P3MKVS4XbDAgjnctAwZ/jt+W48ue94V2ewxufa7N6WfM2Yaqc85iBPmfSsfjuDE2ldfayKY13yJtzO50pLgxxGHcraRrimc9jMVB6vbj+7YcxsY9K1aWILO6++5ZVSgHd5vivp4wxSEF3w/wAonmTqTVBxnhqu4WGuLOaZIKtqN0U/CgIocS1tCYUw6MXWR7O/UHavLeGs5oNi0DHO24+cVQcY2Ig9eCT9I7h14rT8NutaTOCmYKQA3iOxiTAIJ9D75pS9irzGSiEkTM8/TLvVA4sDN91Z0/gcfprRLWGtMCe6s6fwPsemlcGJZmz7d/QXjhXRltHXFWx4YAzXFvuGYGdQQJ6CdAP361Wfbr5VVtq5yyhi6sSDqctwSsyDppFEvYCyFJ7u0Zn8D9P2qs7O8bC4k2n0t+FMuYlRMBbgkcjAPQNrtRCu2bc9T9uKA0CB191p8di27qxktuLhDG7mdSS3IFidV58qcwXGsoRXtwqh82oJlukaaSfWp/Yn8IENmOVZmQSYHOKnj+C3bYUskAwurZpaCS2m2g28q4Xsyik9sg3udDfdG+1iuZO9nBg6eCcPGsPrCMCJYLAgciZ2ZoM+p8q9btDh7pthrV2ZzAyoAOup1nkIjrVYeHAHfxfi00I3jem+IcNNu0rsFQNGVpmJE6j0pX0tMee/8Jnau6/2q+32gxBYh7Fpba22yEOWcspbuzBUASLjTodq87PcZupbYX8LaBALDumJBdmBY+PY6ToedLYzFWwmRVJOmxKtuDodx74mmEu27hDCAOYga+U9aZ2NI/73Icz+gm+HY3Bhsy4d1uOczSV9rXM25WdT8fSnjxuwxVzbcMM0kxP44AExrmGvuofEeEtbCSqqTMEa7CT8jSNzBZQSsQNcpB6DXfzoDhqbhaYPHw3Iu0dPX3T+B47bc3DcQpmU5ecxbKQeWbQfGqfH40G9avCy8i3BCOijNBkg78wfdVljuAXUTMUHQnPIOYgCAPZj312EwAXVvF4Vgf0dTtXqbKTiXNbE8TujW50javEuAEmeuELKDiF22GJF0ZxlBL2vafbNGrak6etWuJwzXSHZ1RoEi2phjGpOZjJnnWZ7S8bU4oWwDlBZAouFRoSGuZlnQkQPIE84p7C2bLLOQDrD3ug12porszZr+fWyEPYuIgK6Xid1lyZwq5YKqrAEayT57/tVLi8AMnhNzxDXKPEsmPxA9BXgtWY9hfL76/8ATLXd1YOxE+V+9p8BQipREozRqncgdnezFqzezq75hLZrkGTtBgL+Y/CtfaNwn200/hbqeWbyrOWsPaJgyf8AvYj9tKE5RWi2Qm5LG/diANyHHn8qYMVTAgSg+lfwQeL9mnXHDF22Juscx9kIvg7vSdZj59dqRxHE8RcbIlydBmYM2VTrP4onb5U3xG615oBK2xpIJJuc5EgFRS9vDNEKuVf6+JqGvjwJZQ137PBU0cF/VV03IF45TJZnc6F2Mn0E7D+tKZuWghztyDEzvA1r04cqCRvrrzjIDHkNT8qldtNcz2wBJAUSdyy+tJpU8rS5xkk6qtzpIa2w3LXdk+0iYdnDA5BlGnUgEH9PfV3xrjIvKcoIhTodwQOfQzWEwmAGdS0EE5iCBEhHQe+SD7qt+E4LurCpoSLSoSBEsiBcx8zpXqFBxfM9yZjjY8/hLrPZmmO9H40QeL2iSsA/i/zGuprjKEZT/MPnXVaagSRTVbgrn3xTKI7svm5g5gI9IJqHahJsXIP+E/PyovBmLXs2XKfsyNlmYJaSJjX4VLtFJsXemRx76x8I2MHV62K/EPnFU+tyz+Kt6j/5Lf1rR8JtqbQB33nny16Ea7VTcQYgITrD6DyB2+R+NaHC6JGSViepBbSD123qJryy460VlWHCOtSjcA4PaxAt27jEKVHsmCfAFhp2Bo/FOBWLGJUo7N4DJJBy8o0qlwVl/CFbcAHqCFQEAjlINO4S2AzAnxKAeUahZ05eLN1rSY1xOfZOt/KNI2ybrOdE5Z2aQPOV1q0neGCx25eTdaaPD1fxAmNthPM9aHhbWa7pqZGnXwtVrxfhrphrwdSoa3c1JEewRGhp7MQ0uynr7JT6ZA1Vf/w4dT8B+9Rbhgg7/DTSTXwzE2ACY2rf/wBkA/8A6/Sz9L9Pp1GvOiU9hG1a7F20ybnn+GPwn1r53ewTveAUS0nKDIDBicynTYqPnX0PEt4fcfoazvDCFxCtEwWiASdQwj59K9MgodCFqsDjWRLYYyUAhhMyNQTpBpnF8ee4IclokgRzgidF86SvcSC5VysSxgALy1k+KNBHr5VO9i8upVoJgnJAB5TOp5DQHevduQQCRPL8oeyBEgHzSr8YdiYUA66kPrMbaeR6+lSOJe4B31xyBGUAPAG2hy9OkTSzcUQk6HwjxeHb99OlQtcYn8LCdjCwfnppr7qJ2Zx70LzYaLI2MVDlyDLBOmUiZ8yBUl7vIoIIIUDMA4PnMLBHyrxb3eDQHKDuRAmNuo99C/4gE8LBhljlyjQ6co5b6V7MCIsuxAlHfiV7wr3hdVmMyvInTbLr7iKNZ4vm3GmxhX6Rpp1qttcWBMFGXpoDPM7bdanZ4tbMiGaNDCx4vy+KOca7eddY5zBY2XHBrjfXrgtDe7QO4yuzFdDGU6wZGy+VVfEeIu1t7aiGZY0DTHMSQIkaTymp38TkXMUYxEiNgNZnbTeoLxBNIVyDEQvLkddtudCKxIMERyXeyg3nzXzjDYRu98Xt5hmGsDKQMo02C19DwNhAu/JeR/KvlWbxCDv3aNS5P+nyFaqyPD7h9BQl2VoRNEkrwcIWBqdhsjHz3Arv+EDq3/5v+1ZP+1lyFwsMR/e7EidLXSsJhHYkgu+qnZj7q6+o1uxE1rnRdfZf+GKmpJEyPZIOkciKrL2HTvvbj2vwueScgPOtLh8I9y1aCKzQi+zB/Cu8mqHidhkvAEFfa0I12t70ipiGtdlCYykXCUbg+Btd8BcbNbLCDqDGhnWDzq+7T4DC2lXuyuZuhzDcETHMx74rL4skL7YBKiI1aWUDXkokc/hUMYjBjak5W1A12nwgzvzqJ9AXewC0Sdo4DgdCqQ8lzWlxvNth5+6LjbaIPF4jp4VOg8AXxNt12n3VDhlv70nobZ09D+39b0e/g9BmkaTpvoJ/b40ZOGubxBJAYfhJB0Ggn47RvvSTiz2RLuupVAotDrblDQMF0kTp5fpVlwszK9Q525Qo1NAxWBW2ggRqBp7697N4POy3CzSgYRmOU5lYagb+yN+laODq58GX8faAs7EgDEiNyc4vYEAHSGYaD0P611O8XHhUnmzfRa6pjXcqGNBbKzeCw3ja8XMd2FykEHQkkyJB328qHxdh3LDU7zqJjN8uWtWFgQh/rmKT4hdZUYjwkcxHNh5efOlfplQvwFbgSPJoPyuYsRjWRw91S8QYFVE7FvT/ABNB56VsMBbMDplHp7Wn1NZTF2wSqsoOZioKnKRIYkiBH5uW5rV8Jwhy5kMezoYk+LMTvr7R89Kzn1WFsb/x9lbWDgL9aqqwOFANlxp4FmOmUfuKNdujvCOoIB08jHwUmlUuN3iIykfdCNdNFgiD5zr6Vai6vdZCoOrnUDQwqg/+X1rdpDLhRfasxxnEHl8pPA3yt0x1H+U1a8T4vcvYa9nnw2rnIfkf9gffVDhm+8PqP8pqxxB/5fEyf8N9f+21Lw1IOzP3R867+G5MxDoc0c/hYns92FuY5HZIgR5ctta+qY+xkS2v/tx8BXzrsRxS8r3rSOR4CdDtGT9CfhX0dMVZuqpa6QoBDNIldhGq7SD1pOHc9rs752xpERssIsb5juIjb2uA4w3S2wzpt38IWVxIhT6H6Gqfgi/8ynqf8rVouLhBmyNmXWCdyIMVnuAj/mU9T8lY1bTfLCUioO8Fr+LYFZslVAOuw30r3E4Sck6jMnvMjep9pLjL9ndVDFZOUkgHwmJIB0kg+6qi1jbl5lQIqgXLZJFxiQFadio3AI3onuAIaSJIEeGqBrXFpIFhr46SrBcBbLYjwLsdI8hqKFawIjDkqIYjcb+Bj+lWNkHvMR0yj6VS8Ixue5atyTlnSG0hG6sRTagGZs7+udpQMDiHEDZdE7kQ5AAAusojaANPkaHbwwPfBlGlpWBI1BZGJ3/lFOPhnVrmgyNcLA6zJERERsp515YwxC3nIHiSB6KjD9aFpl8InfsleDBL3lkFRBnznwnel/sKZL8KoIfpryFA4JjxdvooYkrP5tPCdNTHLlTFy0Wt4kCJ77TlMMDE8piPfXaYGS3Hjt+686Q/vC9uvJOcQwMowM6Az7pFF+zItpCFAOVdY+OtZu9xi65e0FSSCrRcukjWCRKgGDHPrWluf3KeSg7dBNLBBbIjZp6o8pDoPErC4+3lvOP4yNd/f51pbFvwj0H0rOYxfvmAn2ue/vrY8ORTlDGBpr093OlYmplY3kjoDvOKJfsC/gMUqQc1kgeoDDntqK+b8e7DXsJa71wACp1kaaf7V9I43et4fD3ls3ZBtXY1gkhSx9YJPxrF9oeM37tmyl15VrLNryGVJnTqT8BUNWq57i6nsyzdsa7dZtpG3gqKTQ0wdpMSDOmzdfWdi2eG4o+Hs23QTKARE/gB29wqh4zijcvAtuQx+Vsx86s77/cWj/Cn+QVT4m2DdWdfa/y2qdiGAAVJOp22sBeN52oaJ75EbBfbqmG4fmRWnko89APhXuFTNdPog9Zb47kfCny+SwNJOnPTX/Y1T4W2WunUgCJk8pA1nkCQaZQe04Ws7cb85Q1Z+opjn7K9xlsKgn5fxD96fu24Zo5KY+BpXGondaydCYBjQLqJ6gx050e9fBZ+sfoa+Zr1ajqTZ3uhWDWQkuLGEHqn+U0PsvdgMBtGvuFz96jxgygEc0+QilcDjRZzGNTAGoA5yTJH619P+lCf03xP/ks3E/8AVAHd8K/4m5yJlMEFhoeUL091dWexHHj3awomfcJHV4knQ6V1LdTqT+0+SoY9gGo81O3iNGSNYVs3kTEfImkuJ3JRhmk+DTSdXWsPxHtJdtlVU72cjTqSQTqddDz3NIWu0DBGWTJya67hgw+mlMwVA08I5n90n/iB8JGJrA4oO3R7k/K3eL9u1BBm6Pce7cwZ9RWv4X/dHX822o0iNNq+K2O0Nw5V00Jj1bMD8Jr61wPGBlOVgRptMe0SYB9Rr+1Y2KwDqbeuA+VofVNrttv+6qsA7HEIDELaIADDXRdSu67++rS/ZlZGacxEAA6eEyR7vnShuBO7Zmgd0unm0AmPd9aseHXFYMCQSGYmY5ga/L51rAluCbH9wUVjiTyVPbBW4c3h1ETpPh86dvrns3kzaMjyFiW0IyzBiZPKaV43bi6IA3Xb0q14bZlzp06HcwdI+lHhXZaVQ7svyixLZqU54/CoeznDFs3HbJcGa2VJJkctIKLB06mr3BWAFZcw9qMu+bU+U09jbSqNCp3mFgjTnRMVhwBIKmOg5nTpNNo12FrA0jvTF9YiYteFO9t3E+3BUGPuSGH8361TcFYjELGh1ifMMJ86tMSNX9W/WkeAW2+0AmYnQb/h5Hf/AH5Vxjh356umPb+2OrLYdprmRLR1MSDt+Vj8NKo+G8UDXFARh40gyNZdV6T+KtHx3BPctAoJyz66qwEc9zXzvglq4uPIZnjMIUk5f761EKa45xdUa1rtBcb9PHadoXmhopOLhJmx3L6FaH3t/wA1FUPAXHe29AN4Mr+RuQ1q/RYuXfQV857GYlzxV0LsRFzwySoygAQDtvy61dGnP7KTYet62v2tjduWjOUMWAMROm2k/iqdm8WF4EmETQGNBD7R6VRcYxzWb1x0CsTm8Jmf8PXy9/WrPgN8uLzGPEo2BjTvP6nnQtpxVJ8fb7onPmmB1tSnAtbyjKBvsVk6eW1WCtlTEtJ0vHYCfaA/WsN/Zji3fGXQ1xm8LN4jIBmNOm/KtzdX7rE//KD/AOa0zLAgoM0yQs4vGszEd0y+14vDOgJ/L5VrMczCwkfwj46f61g+DWnvXWVQ2gaZJInWfIV9E4tYKIqkHlPPp/pWfSqEtLXG8/CvrMaHAtFo+VhMVrdPrr/r0rVWG8I9B9KzfEy3fMYIE6j1z7kb7Hy0q9sHw/ClYkjKwea7RF3KPGcAtyyvhZoFwBV0MMIOwOumlVON4Sl1baZXbJbe34WMgHIIYhDrAOumx06aG1ibVu2puMBmJAkA6jppPSgHiNqyHd5IJJQBZLQCYGmmlOrVGk1W/wBsb9rrDTeT5pTGkZHb/wD1/wBL3Goe5RYIhEgayDlIgnTURS/2Ms6sAT7UwCd1t9PSmseykAruYYgD2QMwOwGgOkmrLgqBonXwj6LUGOqH6VhG1x9vwn0u5UcSP6R7pO+CtorsQOhmIbrtqFNVfC7E3pgnY6+qg/ImrfjTEO4GUDTafKPLrVTh2IdNRqR15eIfNRTsAB9FWO3al1f51I9XVrxjFIlohmAOXYnXVdNPWsHj+0xLMTiSEnRbKrJAga3Dm+RFM9uODK6rdRT3sQSs5XA0AKmYOg1Hv8sRhsBediotuTrOh+p0/wB6mwdPDuoy6DE/u2crptV1VroHotj2cx9q61wW0fMAJuXGzOwLbSWJjnE8hUe3GKe1atlHyzcg7bZW8vL50Psnwq7YNxrqZcwSBmUnedgTSX9oeJR0VA4XK0xE5tIkEHYTr6elb2HLPp+4bSdD9lm1s3ad7VZhsTmMs8wIliSfSTyrqqA+ldS+zC52rlYcVVs2UiIK7aBZ5tAA1BWleIIyOqbMQh5ak7GRofXpFfROD2VF645BzMomJ2EAabTA3qhfh1nEcW7pUBEQVGzXApMdCZ39DXqX8oO66kI6rZqxx691l3tsG0GgYrMblfa+FfRuy/Fvs2HLuucsRpJU841YjXQ6wdhVjgeyL5bQAJTNcMsw0LZUBCkQYAiCKsuKcIGUBCFUFQyFYUjVRqsQZYHzyipqYGM7gNgRJ4eWttJ5naqABhzmN+A9l817RdpnuwsZQoCjXoBJ2EiVBodjtDcKtmckkrrIkAGSIO8wBX0fG9lcK6BblsPcIEu05oGbVSCCJMnpWE4F2WtHFYmzfditjLlg5c2Y6Fj6EadaeQ2nSlwsDz2x7qeHuqwNT4bJ9lpuyXEXxRdXJbIQwY+kZZAjQRX0Dsyw73xRuv1rNYLhGFwLP3UqrlVMsWGYwFAHIlmFPJxZMLNy7MSsZVJMg5tp6A1HQ79Gs6mDEiBvI/PV1XWJBptebwfn7JntTxq2lxggIBVwS05fCpIIiY2YRGp+aHAO1FvEh5DKudVBYjxGdljflp5iqHiWCt4gDEYXEsM122sOgi33wGXJmEt7QJBJ5j0WwvArf2TE2y9z7tyQTl1jMzfh1BI+dV0W03UaeRhaRMyIuT/bMAW2EjgJSSYLgXSItxgb/eSFo72JsvZFxLk53KhToSQCWgTOlCwV82gLiqGIKwCYBlAN/fWQ7L9n0Rg9y794l24gQFcpKflzSx01rR4i/FkwYMoAemgHIe730gtaHgf5D3R5nFkncY8ltsB2vYBVeyo/L40kiYLCTsOZ86p+MYwm/wB7awi5gANWWT4g077yN6zCLdct4w2VLYIlj4S0SpIOgmTtEV7xG89okM52EeFucbnJEb7VRRpUnVNSSNm63npFtEmrma2Wix1Nx8xqrleN4jMx+zpqBs+pj/q6VWcPtvbvtiEw5LkEeJlMAmYHiEVSPxMHQuNAOTQd/wCCQf3o9jjCgH7yNDEId401ydY1rVaxu1p8lAc2whaHi+He8we3lVtWYFSNPDoWkgnw8qLhr9zD2sq20d5ggAj8UyWLAEAE7dazlntCwAi6qk+1mVzp7oiPfXXuN/eA98pUjxEK+kTGjKfKga0dsTlOWLWOtkwyaIEiQfS6Y4JYbDXGuWsOMzLlMsuxIM6NO4q5HFcRLD7PbKsQT4xqdJOreVZYcWO5upOmyv0M65esctqnY44+gNxAJg6PMTuPDG00bmt/td5JYneFvuynEUsBycOMzFjmDprI1G/lzo3GO0d5oAsKAD+ZQfrWI4fcv3VGUqSXAgZoAMgEnLtzPlS+L4zkWRcQgIXLKGIK5shKjLtmBjrWb2VBtUiTvj5V0vLMxAmNb/eyu8ZcLy5EEwSJmCRf0kb1O9xuzZZUu3ApIBE9PP4Gkrd6bazr4V15HS9qPKk+L9ncPis903CLqIFMMuVSBmGdd+e0jSoagYXd7ST7hVNLg3u6r3tD2msGxZuKEfxXDBPiSVhTE6GY3oXC+2CPeyN3QyrdE3QpQwQNAT7UA+4mqg8Bwn2Ow2YZnAa4wc6ABc2hJCgSwnbT3UgvA7Y752IgXnRQCQSqKXltfzZfh6RoAtpk1HCYueNz7G6kh7wGAxPHh8haniP9oARiAFnu8rd3/dksdcoj2cuxnY09/Zp2w766bDA5oJXX8Ijeee1ZnjXZzCvZumwHW7aTMzMWKkKH8IkxMJB6RT/AuJYHApZv9yzXRaGcpJYF1TUliBB+WbzqLF4YVaADKZMmWgDQ3In/ABGmu3im06pFQ53iwg8fztWw7Q8TX7UlpZYvnLGRlHdhRGxlpO2mx50Fx4k5SSJ1kSrAEdDMVQWOKrjcWl61be2ihx4ympu5SMoBIn7tj1NW/ErhtKrkF4ZRlGUEljlEFiANzuadhMK6nhn0y2CdRxherVg6qwg2HXvKpeJ9oHODU5xma+ynTxQrqsBljKInTc6a0pc4pafErcV32ZbmcqFOZlVAoEfhkddvM0hddWw6W+8ti4t1mX7y2SZYMqjK5luWhryzw9ftmcnLbW6pIjwwrAkHXms6eVSjDdlTLcsE5rREydPEesKjtQ5wvItfw1Wswb5leQTsDHv/AGFYPjvZTFqty6crIoZz4tQF33Gug+Ar6DhOKWsQpNq2QAd/D4t/yExqOcUXGAC1c0/w3HyNWYdjqODLntgtzGJvqpaxbVxADTIMXXwoXPX3V5W04xwsPlcBV5DlPM/Dw/Gup9FtSqwPDTBU9UNpvLS4WTlriVxXJ7uJGzSDGvQ+tA4O4sYk4hFOdiZLHQF2BJncevSatMf2ZuKQbaIgAM+ILPTnSAwAkrdvWkB/LcQt8KhOcnKD3fjb6LaYKHZ5nDv8jrs+FrX7ZsFRGCBoGabiaEknw666V884Xx68ju7HvixjI7tklXDhwWMSCqgeojatGcRg0UB75JEyyqxJ6SVXkNKHwS1g7Ll7dvEXiViFSRqQZgkEHSmUKTKElgN/zv5rOqTUgE9ckezxzEAPcLhWcqQigsqAgAgvEToDud6QxtqWe+IN14J8ZALKPDpOWRAia0d7D98JXhz683YJ+n60K3Ye0wb/AJSydvvLrMw6wM0Ut9UucHAwNomNs7/hVsawUy1zZOwxwgajZqLpLE371yDcKCLqXsiOASyAAKdDpKgxO/Oq/A4a9icc4ysC+XKxKqqsAmVsxkQD+UzE1pmxpJ8WNYz+GxhF+HeXAR86lg7KsdbeLujmb2IFvTyFhTFLNcU6fZtbA8h6geiT2Rc/NJJ64oeM7N4qxZt22vWn7tyWK3YAzEQYJ5QBvprFDupZ+zXF+1jvQrl0tMbmYkGA2WY6T507xXChW0tYS2DBypmLDnBZ3I/8aBiOI3cndZgFIyka6jnsQNfSkse98Oa7bytp/lNtsCdwTzOTIR11xSKcK7q5avFmypm/vLS2gQRH+LcBHXam7uMshlMu+2a2rQgBEGGAE77T8KrsS0eJRbVjuQiSfU70s2Lf8w+VW0aJLA0n49kitV75edVrMBiEusUw+ES2ShHeM1xiRpJyBxB95pftFgSuQ3FLMRuxUbcwFGnxpfgONco4zESIkMogeWtK8fxBzDxzA5lf0JpdGgW4qAYA8zbfK7UfNGTfnz8khcwif+kPjQ/sVv8AIPj/AFrQGxTTOcT7o+EUMYppnOPeB8hEV9A1sbVkuN08uFtf+n8x+1e9xa/LHvH7VXi6fzLr1UfqK7vDJ1T4f6V2L6rmxPNhrfIfTavBbUfhHw/1pVPVPh+tGg9V9wrzmyNV4G62PZhU7tiGCHXXw8vIzVHbwSWFa09lLqusZ8xBy67AOQdxvGwqw4FmyGIEzMabjmNqT41mzA5hoIA5Vgii76l4zWJ4jQW0g+61y4di10JhMaslgSNfYecvxAfqefOvPsS3ftARmIvkFgndsFhQuiq2bYCqqzcYHlVphih/vEkfymPiBR1qZY2Ovv6rlJ4LpGqoOzfZsW0Fy7cynJcUJcV01JEPmIgbbUqOHlXN92tvbUBoW6rGWKg+ENqd5B99a+33I0ts6fy3HX6QaHj8OpXL3zMIAy3FVgYII1dCY060gVHF0m87wfiQOclH2YDMrdl/EadcEri0vthVEXCnimMpTKxbMMoncETI5VjMQSrqbUxtaBAC3DmAjLABEkD31tBhRlhVsliCJW2VbnzW54vLSq/CYAKqoUuHLMFgjET+UF1g+nrT2P72Y9cefXEKeD2eQbfxad3XN3gBNtIxFnIyklcwJiS3sETHLY9etPLxa00h1DAcjmgmlbmQgH7ReQ8+8t3cp/8Aox+tHw2FTldwlzya5cB9wZ/WnDFtY2CPce6UcMSZHwqp+KYALDcNlxMMLBCEzoQCxMe+qG/xRpuFkIF1tiSFMhMoIJJBlTqSdDua3rYRok4JW5Sl6RHprS1/EW1BV8JeCkEEBAVg7g7TQuxPaGT7j7row5bt9ElwayLBuFgqMxTwrMCAdiI36ax1pq9jle22RxqNzOXXSgnF4OPE95B0Peae5JijWsLgX9m+Z83cb/zEdaodXa9hDwbi9uEeyUKLw8FpFtLrPNijmIQIy7yTm10B1Og1U6DQfGuq0xPBkYDuLgIlj7SkeIzplPXX317WU8PB7rjHP8hbVI4YsHaAT/2j7KyHYXDjV2uXD/ER+grP8Vu4XDeEYQP/ADXGPXkQeleV1Npvc43KhexrRICFhuNMwzW7Ni3/ANuT8ZH0o1/iuIBg3njooRB/4rPzrq6rDTaNilbUcZul8pvHxs5/muXG+TNHyoiZUMBR7oHLyFe11IJMwqABqm8PiCx6ROo/1q6wlqYzszbc4rq6o8T3dE+iZN1Z8fwqhgQNh+g/es9cuy8AAR6n617XVL+nEuptlMqpTHYcQCdaQyA8vrXV1fQ4f9qzK37lf8IsLkJjbzOvz8qS4vZzNJ6ef717XUmiT25KbVA7AKqOFH9T+9DOHFe11aYcVnQEI2gKmloTXV1DmMrpATK4cRNSS3FdXUeYrgV3wu5lED6mh8VsTGp2rq6oR/PVx/kqsW1HOrLCqfzGOldXV3EGy5QF1Y2MJsQSJ6yfqa7GXWXSR10EeXWurqy/3PurdG2QBxFgDIBgeY+lFF4sCdttDqPnXV1DkaDouySF4lyDsPh768ZFuAyo06gHn6eddXUBsZCJIXeGoCWWVP8ACWH0NGti6sZcReE66sGHwYGurqcHEi6HKATCnxPit+yBma3dHR7Q/Q0nY47Zf28HamQJQ5N5PITy611dRMpMJFvK3sgzFXXD+E4W4JFkp6Ox6da6urqle5zSQCfMpkDcv//Z
24|6|Tour|https://c0.wallpaperflare.com/preview/913/990/543/serbia-bajina-basta-rock-drina.jpg
25|7|Tour|https://media.istockphoto.com/id/1175910268/photo/pleasure-boat-on-the-danube-river-budapest.jpg?s=612x612&w=0&k=20&c=TsIqjkeKS-KfF1yPKNLjueVMPEf7549Ok6Yr01kn7Fw=
26|8|Tour|https://media.istockphoto.com/id/1226263284/photo/various-grilled-meats-served-on-wooden-cutting-boards-with-fresh-vegetables-and-bread-on-a.jpg?s=612x612&w=0&k=20&c=XEYKV9fd_3oOmn4WWkyRs9ZjMsL7ba6quSaArUbBf_c=
